location_type,state_code,state_name,website_state_id,year,travel_spending_source_value,travel_spending_denomination,travel_spending_usd,state_local_tax_receipts_source_value,state_local_tax_receipts_denomination,state_local_tax_receipts_usd,jobs_source_value,jobs_numeric,employment_ranking,,,,,,,,
state,AK,Alaska,2,2024,3.8,Billion,3800000000,172,Million,172000000,"25,600",25600,4,,,,,,,,
state,AK,Alaska,2,2023,3.6,Billion,3600000000,170,Million,170000000,"25,400",25400,4,,,,,,,,
state,AK,Alaska,2,2022,3.4,Billion,3400000000,163,Million,163000000,"24,300",24300,4,,,,,,,,
state,AK,Alaska,2,2021,2.6,Billion,2600000000,136,Million,136000000,"20,500",20500,4,,,,,,,,
state,AK,Alaska,2,2020,2.1,Billion,2100000000,129,Million,129000000,"17,500",17500,4,,,,,,,,
state,AK,Alaska,2,2019,3.6,Billion,3600000000,191,Million,191000000,"31,900",31900,3,,,,,,,,
state,AL,Alabama,1,2024,12.6,Billion,12600000000,562,Million,562000000,"78,000",78000,9,,,,,,,,
state,AL,Alabama,1,2023,12.4,Billion,12400000000,558,Million,558000000,"77,500",77500,9,,,,,,,,
state,AL,Alabama,1,2022,11.7,Billion,11700000000,536,Million,536000000,"74,900",74900,10,,,,,,,,
state,AL,Alabama,1,2021,10.1,Billion,10100000000,487,Million,487000000,"69,400",69400,11,,,,,,,,
state,AL,Alabama,1,2020,8.5,Billion,8500000000,440,Million,440000000,"58,400",58400,11,,,,,,,,
state,AL,Alabama,1,2019,11.7,Billion,11700000000,620,Million,620000000,"91,700",91700,8,,,,,,,,
state,AR,Arkansas,4,2024,10.3,Billion,10300000000,846,Million,846000000,"69,500",69500,5,,,,,,,,
state,AR,Arkansas,4,2023,9.9,Billion,9900000000,817,Million,817000000,"67,900",67900,6,,,,,,,,
state,AR,Arkansas,4,2022,9.2,Billion,9200000000,762,Million,762000000,"66,100",66100,6,,,,,,,,
state,AR,Arkansas,4,2021,8,Billion,8000000000,661,Million,661000000,"62,200",62200,6,,,,,,,,
state,AR,Arkansas,4,2020,6,Billion,6000000000,506,Million,506000000,"51,900",51900,8,,,,,,,,
state,AR,Arkansas,4,2019,8,Billion,8000000000,632,Million,632000000,"67,800",67800,5,,,,,,,,
state,AZ,Arizona,3,2024,25.5,Billion,25500000000,1.8,Billion,1800000000,"167,700",167700,9,,,,,,,,
state,AZ,Arizona,3,2023,25.4,Billion,25400000000,1.8,Billion,1800000000,"166,800",166800,9,,,,,,,,
state,AZ,Arizona,3,2022,23.6,Billion,23600000000,1.7,Billion,1700000000,"159,400",159400,9,,,,,,,,
state,AZ,Arizona,3,2021,18.7,Billion,18700000000,1.4,Billion,1400000000,"147,200",147200,9,,,,,,,,
state,AZ,Arizona,3,2020,15.2,Billion,15200000000,1.2,Billion,1200000000,"134,000",134000,9,,,,,,,,
state,AZ,Arizona,3,2019,24.9,Billion,24900000000,1.6,Billion,1600000000,"184,900",184900,5,,,,,,,,
state,CA,California,5,2024,157.6,Billion,1.58E+11,10.5,Billion,10500000000,"1,020,400",1020400,7,,,,,,,,
state,CA,California,5,2023,153.6,Billion,1.54E+11,10.5,Billion,10500000000,"1,015,900",1015900,7,,,,,,,,
state,CA,California,5,2022,145.5,Billion,1.46E+11,10.1,Billion,10100000000,"958,800",958800,7,,,,,,,,
state,CA,California,5,2021,105.5,Billion,1.06E+11,8.8,Billion,8800000000,"700,900",700900,9,,,,,,,,
state,CA,California,5,2020,79.7,Billion,79700000000,8.2,Billion,8200000000,"643,200",643200,10,,,,,,,,
state,CA,California,5,2019,159.3,Billion,1.59E+11,12,Billion,12000000000,"1,066,100",1066100,7,,,,,,,,
state,CO,Colorado,6,2024,28.5,Billion,28500000000,1.9,Billion,1900000000,"176,500",176500,6,,,,,,,,
state,CO,Colorado,6,2023,28.7,Billion,28700000000,1.9,Billion,1900000000,"177,600",177600,6,,,,,,,,
state,CO,Colorado,6,2022,26.9,Billion,26900000000,1.8,Billion,1800000000,"170,000",170000,6,,,,,,,,
state,CO,Colorado,6,2021,22.1,Billion,22100000000,1.5,Billion,1500000000,"155,900",155900,6,,,,,,,,
state,CO,Colorado,6,2020,16.7,Billion,16700000000,1.3,Billion,1300000000,"144,300",144300,8,,,,,,,,
state,CO,Colorado,6,2019,26.2,Billion,26200000000,1.7,Billion,1700000000,"192,100",192100,5,,,,,,,,
state,CT,Connecticut,7,2024,11.9,Billion,11900000000,761,Million,761000000,"47,200",47200,13,,,,,,,,
state,CT,Connecticut,7,2023,11.3,Billion,11300000000,741,Million,741000000,"46,600",46600,13,,,,,,,,
state,CT,Connecticut,7,2022,10.7,Billion,10700000000,709,Million,709000000,"45,200",45200,13,,,,,,,,
state,CT,Connecticut,7,2021,9.3,Billion,9300000000,688,Million,688000000,"39,800",39800,13,,,,,,,,
state,CT,Connecticut,7,2020,6.7,Billion,6700000000,545,Million,545000000,"35,200",35200,13,,,,,,,,
state,CT,Connecticut,7,2019,10.2,Billion,10200000000,809,Million,809000000,"64,800",64800,9,,,,,,,,
federal_district,DC,District of Columbia,9,2024,16.6,Billion,16600000000,1.2,Million,1200000,"78,500",78500,2,,,,,,,,
federal_district,DC,District of Columbia,9,2023,15.3,Billion,15300000000,1.1,Billion,1100000000,"77,200",77200,2,,,,,,,,
federal_district,DC,District of Columbia,9,2022,11.8,Billion,11800000000,920,Million,920000000,"64,500",64500,4,,,,,,,,
federal_district,DC,District of Columbia,9,2021,6.5,Billion,6500000000,707,Million,707000000,"43,500",43500,4,,,,,,,,
federal_district,DC,District of Columbia,9,2020,5.4,Billion,5400000000,832,Million,832000000,"44,100",44100,5,,,,,,,,
federal_district,DC,District of Columbia,9,2019,13.8,Billion,13800000000,1.2,Billion,1200000000,"83,200",83200,2,,,,,,,,
state,DE,Delaware,8,2024,2.7,Billion,2700000000,70.9,Million,70900000,"14,800",14800,10,,,,,,,,
state,DE,Delaware,8,2023,2.5,Billion,2500000000,69,Million,69000000,"14,600",14600,10,,,,,,,,
state,DE,Delaware,8,2022,2.4,Billion,2400000000,67,Million,67000000,"14,000",14000,10,,,,,,,,
state,DE,Delaware,8,2021,2.2,Billion,2200000000,61,Million,61000000,"12,900",12900,10,,,,,,,,
state,DE,Delaware,8,2020,1.7,Billion,1700000000,56,Million,56000000,"11,200",11200,10,,,,,,,,
state,DE,Delaware,8,2019,2.7,Billion,2700000000,84,Million,84000000,"18,200",18200,9,,,,,,,,
state,FL,Florida,10,2024,143.2,Billion,1.43E+11,8.7,Billion,8700000000,"1,065,600",1065600,3,,,,,,,,
state,FL,Florida,10,2023,139.7,Billion,1.40E+11,8.7,Billion,8700000000,"1,055,100",1055100,3,,,,,,,,
state,FL,Florida,10,2022,131.6,Billion,1.32E+11,8.3,Billion,8300000000,"1,018,900",1018900,3,,,,,,,,
state,FL,Florida,10,2021,99.6,Billion,99600000000,6.9,Billion,6900000000,"766,700",766700,4,,,,,,,,
state,FL,Florida,10,2020,65.7,Billion,65700000000,5.9,Billion,5900000000,"583,200",583200,6,,,,,,,,
state,FL,Florida,10,2019,108.6,Billion,1.09E+11,8,Billion,8000000000,"975,300",975300,4,,,,,,,,
state,GA,Georgia,11,2024,41.7,Billion,41700000000,3,Billion,3000000000,"288,400",288400,7,,,,,,,,
state,GA,Georgia,11,2023,40.2,Billion,40200000000,2.9,Billion,2900000000,"283,600",283600,7,,,,,,,,
state,GA,Georgia,11,2022,37.1,Billion,37100000000,2.7,Billion,2700000000,"268,000",268000,8,,,,,,,,
state,GA,Georgia,11,2021,32.3,Billion,32300000000,2.4,Billion,2400000000,"251,900",251900,7,,,,,,,,
state,GA,Georgia,11,2020,23.9,Billion,23900000000,1.7,Billion,1700000000,"227,600",227600,7,,,,,,,,
state,GA,Georgia,11,2019,34.6,Billion,34600000000,2.8,Billion,2800000000,"289,600",289600,6,,,,,,,,
state,HI,Hawaii,12,2024,28.6,Billion,28600000000,1.6,Billion,1600000000,"183,500",183500,1,,,,,,,,
state,HI,Hawaii,12,2023,28.9,Billion,28900000000,1.6,Billion,1600000000,"185,900",185900,1,,,,,,,,
state,HI,Hawaii,12,2022,27.1,Billion,27100000000,1.5,Billion,1500000000,"178,000",178000,1,,,,,,,,
state,HI,Hawaii,12,2021,18,Billion,18000000000,1.1,Billion,1100000000,"140,500",140500,1,,,,,,,,
state,HI,Hawaii,12,2020,10.9,Billion,10900000000,1,Billion,1000000000,"108,400",108400,1,,,,,,,,
state,HI,Hawaii,12,2019,28.8,Billion,28800000000,1.9,Billion,1900000000,"210,200",210200,1,,,,,,,,
state,IA,Iowa,16,2024,10.7,Billion,10700000000,651,Million,651000000,"65,200",65200,8,,,,,,,,
state,IA,Iowa,16,2023,10.4,Billion,10400000000,627,Million,627000000,"64,200",64200,8,,,,,,,,
state,IA,Iowa,16,2022,9.9,Billion,9900000000,599,Million,599000000,"61,600",61600,10,,,,,,,,
state,IA,Iowa,16,2021,8.8,Billion,8800000000,560,Million,560000000,"57,900",57900,10,,,,,,,,
state,IA,Iowa,16,2020,6.5,Billion,6500000000,497,Million,497000000,"53,300",53300,10,,,,,,,,
state,IA,Iowa,16,2019,9.2,Billion,9200000000,647,Million,647000000,"70,600",70600,7,,,,,,,,
state,ID,Idaho,13,2024,5.9,Billion,5900000000,273,Million,273000000,"27,400",27400,11,,,,,,,,
state,ID,Idaho,13,2023,5.8,Billion,5800000000,272,Million,272000000,"27,300",27300,11,,,,,,,,
state,ID,Idaho,13,2022,5.5,Billion,5500000000,259,Million,259000000,"26,100",26100,11,,,,,,,,
state,ID,Idaho,13,2021,5,Billion,5000000000,238,Million,238000000,"24,300",24300,11,,,,,,,,
state,ID,Idaho,13,2020,4.1,Billion,4100000000,209,Million,209000000,"20,800",20800,12,,,,,,,,
state,ID,Idaho,13,2019,5.5,Billion,5500000000,298,Million,298000000,"31,800",31800,8,,,,,,,,
state,IL,Illinois,14,2024,48.5,Billion,48500000000,4.4,Billion,4400000000,"281,500",281500,10,,,,,,,,
state,IL,Illinois,14,2023,47.2,Billion,47200000000,4.3,Billion,4300000000,"277,600",277600,10,,,,,,,,
state,IL,Illinois,14,2022,44.3,Billion,44300000000,4,Billion,4000000000,"269,900",269900,10,,,,,,,,
state,IL,Illinois,14,2021,32.2,Billion,32200000000,3.4,Billion,3400000000,"231,800",231800,10,,,,,,,,
state,IL,Illinois,14,2020,23.3,Billion,23300000000,2.6,Billion,2600000000,"207,400",207400,11,,,,,,,,
state,IL,Illinois,14,2019,45.5,Billion,45500000000,3.7,Billion,3700000000,"343,300",343300,7,,,,,,,,
state,IN,Indiana,15,2024,15.3,Billion,15300000000,970,Million,970000000,"99,400",99400,11,,,,,,,,
state,IN,Indiana,15,2023,14.6,Billion,14600000000,967,Million,967000000,"99,200",99200,11,,,,,,,,
state,IN,Indiana,15,2022,13.6,Billion,13600000000,921,Million,921000000,"95,900",95900,11,,,,,,,,
state,IN,Indiana,15,2021,11.2,Billion,11200000000,776,Million,776000000,"87,800",87800,11,,,,,,,,
state,IN,Indiana,15,2020,9.3,Billion,9300000000,711,Million,711000000,"75,600",75600,12,,,,,,,,
state,IN,Indiana,15,2019,14.3,Billion,14300000000,985,Million,985000000,"109,000",109000,10,,,,,,,,
state,KS,Kansas,17,2024,9,Billion,9000000000,664,Million,664000000,"55,600",55600,11,,,,,,,,
state,KS,Kansas,17,2023,8.8,Billion,8800000000,648,Million,648000000,"55,200",55200,11,,,,,,,,
state,KS,Kansas,17,2022,8.4,Billion,8400000000,624,Million,624000000,"53,700",53700,11,,,,,,,,
state,KS,Kansas,17,2021,7.7,Billion,7700000000,564,Million,564000000,"50,500",50500,11,,,,,,,,
state,KS,Kansas,17,2020,6,Billion,6000000000,464,Million,464000000,"49,200",49200,11,,,,,,,,
state,KS,Kansas,17,2019,8.1,Billion,8100000000,524,Million,524000000,"61,400",61400,8,,,,,,,,
state,KY,Kentucky,18,2024,13.9,Billion,13900000000,897,Million,897000000,"105,000",105000,7,,,,,,,,
state,KY,Kentucky,18,2023,13.4,Billion,13400000000,865,Million,865000000,"102,500",102500,7,,,,,,,,
state,KY,Kentucky,18,2022,12.2,Billion,12200000000,801,Million,801000000,"98,000",98000,7,,,,,,,,
state,KY,Kentucky,18,2021,10.5,Billion,10500000000,688,Million,688000000,"88,000",88000,7,,,,,,,,
state,KY,Kentucky,18,2020,8.1,Billion,8100000000,529,Million,529000000,"79,600",79600,7,,,,,,,,
state,KY,Kentucky,18,2019,11,Billion,11000000000,709,Million,709000000,"101,600",101600,7,,,,,,,,
state,LA,Louisiana,19,2024,16.2,Billion,16200000000,990,Million,990000000,"107,700",107700,6,,,,,,,,
state,LA,Louisiana,19,2023,15.5,Billion,15500000000,946,Million,946000000,"107,600",107600,6,,,,,,,,
state,LA,Louisiana,19,2022,14.9,Billion,14900000000,910,Million,910000000,"104,800",104800,7,,,,,,,,
state,LA,Louisiana,19,2021,12.2,Billion,12200000000,807,Million,807000000,"97,900",97900,7,,,,,,,,
state,LA,Louisiana,19,2020,9.5,Billion,9500000000,638,Million,638000000,"91,100",91100,7,,,,,,,,
state,LA,Louisiana,19,2019,14.6,Billion,14600000000,1,Billion,1000000000,"122,800",122800,6,,,,,,,,
state,MA,Massachusetts,22,2024,28.9,Billion,28900000000,1.4,Billion,1400000000,"116,800",116800,12,,,,,,,,
state,MA,Massachusetts,22,2023,28.3,Billion,28300000000,1.4,Billion,1400000000,"116,000",116000,11,,,,,,,,
state,MA,Massachusetts,22,2022,25.8,Billion,25800000000,1.3,Billion,1300000000,"111,100",111100,12,,,,,,,,
state,MA,Massachusetts,22,2021,15.5,Billion,15500000000,1.1,Billion,1100000000,"91,500",91500,13,,,,,,,,
state,MA,Massachusetts,22,2020,12.5,Billion,12500000000,1,Billion,1000000000,"80,700",80700,13,,,,,,,,
state,MA,Massachusetts,22,2019,26.8,Billion,26800000000,1.7,Billion,1700000000,"163,500",163500,8,,,,,,,,
state,MD,Maryland,21,2024,22.2,Billion,22200000000,1.7,Billion,1700000000,"117,000",117000,7,,,,,,,,
state,MD,Maryland,21,2023,21.5,Billion,21500000000,1.6,Billion,1600000000,"114,000",114000,7,,,,,,,,
state,MD,Maryland,21,2022,20.4,Billion,20400000000,1.5,Billion,1500000000,"111,000",111000,8,,,,,,,,
state,MD,Maryland,21,2021,17.2,Billion,17200000000,1.4,Billion,1400000000,"100,400",100400,9,,,,,,,,
state,MD,Maryland,21,2020,12.2,Billion,12200000000,1.2,Billion,1200000000,"92,900",92900,9,,,,,,,,
state,MD,Maryland,21,2019,19.5,Billion,19500000000,1.7,Billion,1700000000,"133,300",133300,7,,,,,,,,
state,ME,Maine,20,2024,6.2,Billion,6200000000,340,Million,340000000,"31,800",31800,7,,,,,,,,
state,ME,Maine,20,2023,6.1,Billion,6100000000,337,Million,337000000,"31,600",31600,7,,,,,,,,
state,ME,Maine,20,2022,5.8,Billion,5800000000,323,Million,323000000,"30,300",30300,7,,,,,,,,
state,ME,Maine,20,2021,4.9,Billion,4900000000,275,Million,275000000,"28,000",28000,8,,,,,,,,
state,ME,Maine,20,2020,3.1,Billion,3100000000,223,Million,223000000,"21,700",21700,9,,,,,,,,
state,ME,Maine,20,2019,5.2,Billion,5200000000,341,Million,341000000,"37,300",37300,5,,,,,,,,
state,MI,Michigan,23,2024,28.4,Billion,28400000000,2.2,Billion,2200000000,"193,800",193800,8,,,,,,,,
state,MI,Michigan,23,2023,27.1,Billion,27100000000,2.1,Billion,2100000000,"189,700",189700,7,,,,,,,,
state,MI,Michigan,23,2022,25.3,Billion,25300000000,2,Billion,2000000000,"181,300",181300,8,,,,,,,,
state,MI,Michigan,23,2021,22.2,Billion,22200000000,1.8,Billion,1800000000,"165,100",165100,8,,,,,,,,
state,MI,Michigan,23,2020,17.4,Billion,17400000000,1.6,Billion,1600000000,"149,300",149300,10,,,,,,,,
state,MI,Michigan,23,2019,24.3,Billion,24300000000,1.8,Billion,1800000000,"202,300",202300,7,,,,,,,,
state,MN,Minnesota,24,2024,14.7,Billion,14700000000,1.6,Billion,1600000000,"112,800",112800,10,,,,,,,,
state,MN,Minnesota,24,2023,14.1,Billion,14100000000,1.5,Billion,1500000000,"109,300",109300,10,,,,,,,,
state,MN,Minnesota,24,2022,13.1,Billion,13100000000,1.5,Billion,1500000000,"103,600",103600,10,,,,,,,,
state,MN,Minnesota,24,2021,11,Billion,11000000000,1.3,Billion,1300000000,"91,100",91100,10,,,,,,,,
state,MN,Minnesota,24,2020,8.5,Billion,8500000000,1.1,Billion,1100000000,"79,500",79500,12,,,,,,,,
state,MN,Minnesota,24,2019,13.1,Billion,13100000000,1.6,Billion,1600000000,"143,600",143600,7,,,,,,,,
state,MO,Missouri,26,2024,17.2,Billion,17200000000,958,Million,958000000,"111,800",111800,10,,,,,,,,
state,MO,Missouri,26,2023,16.6,Billion,16600000000,931,Million,931000000,"111,300",111300,10,,,,,,,,
state,MO,Missouri,26,2022,15.3,Billion,15300000000,879,Million,879000000,"106,200",106200,11,,,,,,,,
state,MO,Missouri,26,2021,11.2,Billion,11200000000,721,Million,721000000,"93,500",93500,11,,,,,,,,
state,MO,Missouri,26,2020,10.1,Billion,10100000000,638,Million,638000000,"77,700",77700,11,,,,,,,,
state,MO,Missouri,26,2019,17.2,Billion,17200000000,1,Billion,1000000000,"135,400",135400,7,,,,,,,,
state,MS,Mississippi,25,2024,7.4,Billion,7400000000,486,Million,486000000,"73,900",73900,5,,,,,,,,
state,MS,Mississippi,25,2023,7.2,Billion,7200000000,482,Million,482000000,"72,700",72700,5,,,,,,,,
state,MS,Mississippi,25,2022,6.8,Billion,6800000000,465,Million,465000000,"71,300",71300,5,,,,,,,,
state,MS,Mississippi,25,2021,5.8,Billion,5800000000,408,Million,408000000,"66,200",66200,6,,,,,,,,
state,MS,Mississippi,25,2020,4.4,Billion,4400000000,325,Million,325000000,"58,700",58700,6,,,,,,,,
state,MS,Mississippi,25,2019,5.6,Billion,5600000000,429,Million,429000000,"83,300",83300,5,,,,,,,,
state,MT,Montana,27,2024,6.4,Billion,6400000000,180,Million,180000000,"30,700",30700,5,,,,,,,,
state,MT,Montana,27,2023,6.2,Billion,6200000000,179,Million,179000000,"30,500",30500,5,,,,,,,,
state,MT,Montana,27,2022,5.8,Billion,5800000000,170,Million,170000000,"29,200",29200,5,,,,,,,,
state,MT,Montana,27,2021,5.1,Billion,5100000000,154,Million,154000000,"27,700",27700,5,,,,,,,,
state,MT,Montana,27,2020,3.9,Billion,3900000000,133,Million,133000000,"22,500",22500,6,,,,,,,,
state,MT,Montana,27,2019,5.2,Billion,5200000000,186,Million,186000000,"34,300",34300,4,,,,,,,,
state,NC,North Carolina,34,2024,36.7,Billion,36700000000,2.7,Billion,2700000000,"230,300",230300,9,,,,,,,,
state,NC,North Carolina,34,2023,35.6,Billion,35600000000,2.6,Billion,2600000000,"227,200",227200,9,,,,,,,,
state,NC,North Carolina,34,2022,33.3,Billion,33300000000,2.5,Billion,2500000000,"216,900",216900,9,,,,,,,,
state,NC,North Carolina,34,2021,28.9,Billion,28900000000,2.3,Billion,2300000000,"197,500",197500,9,,,,,,,,
state,NC,North Carolina,34,2020,20,Billion,20000000000,1.8,Billion,1800000000,"178,700",178700,10,,,,,,,,
state,NC,North Carolina,34,2019,29.2,Billion,29200000000,2.4,Billion,2400000000,"242,600",242600,7,,,,,,,,
state,ND,North Dakota,35,2024,3.6,Billion,3600000000,379,Million,379000000,"26,900",26900,6,,,,,,,,
state,ND,North Dakota,35,2023,3.5,Billion,3500000000,371,Million,371000000,"26,400",26400,6,,,,,,,,
state,ND,North Dakota,35,2022,3.2,Billion,3200000000,355,Million,355000000,"25,700",25700,5,,,,,,,,
state,ND,North Dakota,35,2021,2.8,Billion,2800000000,316,Million,316000000,"23,100",23100,6,,,,,,,,
state,ND,North Dakota,35,2020,2.2,Billion,2200000000,288,Million,288000000,"21,500",21500,7,,,,,,,,
state,ND,North Dakota,35,2019,3.3,Billion,3300000000,396,Million,396000000,"27,200",27200,5,,,,,,,,
state,NE,Nebraska,28,2024,6.2,Billion,6200000000,367,Million,367000000,"47,700",47700,9,,,,,,,,
state,NE,Nebraska,28,2023,6.2,Billion,6200000000,365,Million,365000000,"47,500",47500,9,,,,,,,,
state,NE,Nebraska,28,2022,5.8,Billion,5800000000,346,Million,346000000,"45,400",45400,9,,,,,,,,
state,NE,Nebraska,28,2021,4.6,Billion,4600000000,311,Million,311000000,"39,700",39700,10,,,,,,,,
state,NE,Nebraska,28,2020,3.4,Billion,3400000000,261,Million,261000000,"35,200",35200,11,,,,,,,,
state,NE,Nebraska,28,2019,5.6,Billion,5600000000,355,Million,355000000,"48,600",48600,8,,,,,,,,
state,NH,New Hampshire,30,2024,4.5,Billion,4500000000,120,Million,120000000,"20,100",20100,12,,,,,,,,
state,NH,New Hampshire,30,2023,4.5,Billion,4500000000,120,Million,120000000,"20,000",20000,12,,,,,,,,
state,NH,New Hampshire,30,2022,4.3,Billion,4300000000,116,Million,116000000,"19,300",19300,12,,,,,,,,
state,NH,New Hampshire,30,2021,3.4,Billion,3400000000,110,Million,110000000,"17,100",17100,12,,,,,,,,
state,NH,New Hampshire,30,2020,3,Billion,3000000000,103,Million,103000000,"14,800",14800,13,,,,,,,,
state,NH,New Hampshire,30,2019,4.9,Billion,4900000000,161,Million,161000000,"27,800",27800,9,,,,,,,,
state,NJ,New Jersey,31,2024,28.8,Billion,28800000000,1.8,Billion,1800000000,"210,000",210000,9,,,,,,,,
state,NJ,New Jersey,31,2023,28,Billion,28000000000,1.8,Billion,1800000000,"207,000",207000,9,,,,,,,,
state,NJ,New Jersey,31,2022,25.9,Billion,25900000000,1.7,Billion,1700000000,"195,300",195300,9,,,,,,,,
state,NJ,New Jersey,31,2021,21.3,Billion,21300000000,1.5,Billion,1500000000,"170,100",170100,10,,,,,,,,
state,NJ,New Jersey,31,2020,16.7,Billion,16700000000,1.3,Billion,1300000000,"148,700",148700,11,,,,,,,,
state,NJ,New Jersey,31,2019,26.5,Billion,26500000000,1.7,Billion,1700000000,"215,600",215600,7,,,,,,,,
state,NM,New Mexico,32,2024,9.5,Billion,9500000000,690,Million,690000000,"63,100",63100,5,,,,,,,,
state,NM,New Mexico,32,2023,9.3,Billion,9300000000,667,Million,667000000,"61,800",61800,5,,,,,,,,
state,NM,New Mexico,32,2022,8.9,Billion,8900000000,645,Million,645000000,"60,400",60400,5,,,,,,,,
state,NM,New Mexico,32,2021,7.8,Billion,7800000000,584,Million,584000000,"54,400",54400,5,,,,,,,,
state,NM,New Mexico,32,2020,6.3,Billion,6300000000,493,Million,493000000,"49,400",49400,5,,,,,,,,
state,NM,New Mexico,32,2019,8,Billion,8000000000,609,Million,609000000,"62,200",62200,4,,,,,,,,
state,NV,Nevada,29,2024,63,Billion,63000000000,3.2,Billion,3200000000,"393,500",393500,1,,,,,,,,
state,NV,Nevada,29,2023,59.4,Billion,59400000000,3.1,Billion,3100000000,"378,600",378600,1,,,,,,,,
state,NV,Nevada,29,2022,52.8,Billion,52800000000,2.8,Billion,2800000000,"348,500",348500,1,,,,,,,,
state,NV,Nevada,29,2021,42.4,Billion,42400000000,2.2,Billion,2200000000,"292,900",292900,1,,,,,,,,
state,NV,Nevada,29,2020,22.3,Billion,22300000000,2,Billion,2000000000,"250,400",250400,1,,,,,,,,
state,NV,Nevada,29,2019,45.6,Billion,45600000000,3.5,Billion,3500000000,"386,500",386500,1,,,,,,,,
state,NY,New York,33,2024,109,Billion,1.09E+11,9.9,Billion,9900000000,"485,600",485600,7,,,,,,,,
state,NY,New York,33,2023,102.1,Billion,1.02E+11,9.4,Billion,9400000000,"471,200",471200,7,,,,,,,,
state,NY,New York,33,2022,91.2,Billion,91200000000,8.8,Billion,8800000000,"452,400",452400,7,,,,,,,,
state,NY,New York,33,2021,60.3,Billion,60300000000,7.1,Billion,7100000000,"384,500",384500,8,,,,,,,,
state,NY,New York,33,2020,39.3,Billion,39300000000,5.6,Billion,5600000000,"348,100",348100,9,,,,,,,,
state,NY,New York,33,2019,85.4,Billion,85400000000,8.5,Billion,8500000000,"536,700",536700,6,,,,,,,,
state,OH,Ohio,36,2024,27,Billion,27000000000,1.9,Billion,1900000000,"201,700",201700,11,,,,,,,,
state,OH,Ohio,36,2023,26.5,Billion,26500000000,1.8,Billion,1800000000,"197,900",197900,11,,,,,,,,
state,OH,Ohio,36,2022,25.1,Billion,25100000000,1.7,Billion,1700000000,"191,800",191800,11,,,,,,,,
state,OH,Ohio,36,2021,21.7,Billion,21700000000,1.6,Billion,1600000000,"185,400",185400,11,,,,,,,,
state,OH,Ohio,36,2020,17.9,Billion,17900000000,1.4,Billion,1400000000,"167,900",167900,11,,,,,,,,
state,OH,Ohio,36,2019,23.7,Billion,23700000000,1.6,Billion,1600000000,"194,400",194400,11,,,,,,,,
state,OK,Oklahoma,37,2024,9,Billion,9000000000,664,Million,664000000,"61,500",61500,9,,,,,,,,
state,OK,Oklahoma,37,2023,9,Billion,9000000000,662,Million,662000000,"61,300",61300,9,,,,,,,,
state,OK,Oklahoma,37,2022,8.5,Billion,8500000000,634,Million,634000000,"59,200",59200,9,,,,,,,,
state,OK,Oklahoma,37,2021,7.6,Billion,7600000000,581,Million,581000000,"55,700",55700,9,,,,,,,,
state,OK,Oklahoma,37,2020,6.5,Billion,6500000000,521,Million,521000000,"49,100",49100,11,,,,,,,,
state,OK,Oklahoma,37,2019,10.1,Billion,10100000000,850,Million,850000000,"85,200",85200,6,,,,,,,,
state,OR,Oregon,38,2024,13.7,Billion,13700000000,581,Million,581000000,"102,000",102000,7,,,,,,,,
state,OR,Oregon,38,2023,13.6,Billion,13600000000,581,Million,581000000,"101,800",101800,8,,,,,,,,
state,OR,Oregon,38,2022,13,Billion,13000000000,563,Million,563000000,"98,900",98900,8,,,,,,,,
state,OR,Oregon,38,2021,10.2,Billion,10200000000,467,Million,467000000,"85,000",85000,8,,,,,,,,
state,OR,Oregon,38,2020,8.5,Billion,8500000000,443,Million,443000000,"77,200",77200,8,,,,,,,,
state,OR,Oregon,38,2019,14.7,Billion,14700000000,594,Million,594000000,"104,500",104500,6,,,,,,,,
state,PA,Pennsylvania,39,2024,33.3,Billion,33300000000,1.9,Billion,1900000000,"231,500",231500,10,,,,,,,,
state,PA,Pennsylvania,39,2023,32,Billion,32000000000,1.8,Billion,1800000000,"228,500",228500,10,,,,,,,,
state,PA,Pennsylvania,39,2022,30.3,Billion,30300000000,1.8,Billion,1800000000,"218,700",218700,10,,,,,,,,
state,PA,Pennsylvania,39,2021,25.4,Billion,25400000000,1.6,Billion,1600000000,"201,000",201000,11,,,,,,,,
state,PA,Pennsylvania,39,2020,19.3,Billion,19300000000,1.3,Billion,1300000000,"179,300",179300,11,,,,,,,,
state,PA,Pennsylvania,39,2019,30.8,Billion,30800000000,1.8,Billion,1800000000,"237,300",237300,10,,,,,,,,
territory,PR,Puerto Rico,52,2024,11.5,Billion,11500000000,1.1,Billion,1100000000,"91,000",91000,3,,,,,,,,
territory,PR,Puerto Rico,52,2023,10.1,Billion,10100000000,990,Million,990000000,"87,200",87200,4,,,,,,,,
territory,PR,Puerto Rico,52,2022,8.7,Billion,8700000000,854,Million,854000000,"80,000",80000,6,,,,,,,,
territory,PR,Puerto Rico,52,2021,7.4,Billion,7400000000,734,Million,734000000,"68,000",68000,6,,,,,,,,
territory,PR,Puerto Rico,52,2020,4,Billion,4000000000,395,Million,395000000,"46,200",46200,6,,,,,,,,
territory,PR,Puerto Rico,52,2019,6.4,Billion,6400000000,644,Million,644000000,"65,900",65900,6,,,,,,,,
state,RI,Rhode Island,40,2024,3.2,Billion,3200000000,133,Million,133000000,"16,300",16300,12,,,,,,,,
state,RI,Rhode Island,40,2023,3,Billion,3000000000,125,Million,125000000,"15,900",15900,12,,,,,,,,
state,RI,Rhode Island,40,2022,2.9,Billion,2900000000,120,Million,120000000,"15,400",15400,12,,,,,,,,
state,RI,Rhode Island,40,2021,2.5,Billion,2500000000,107,Million,107000000,"13,900",13900,12,,,,,,,,
state,RI,Rhode Island,40,2020,1.8,Billion,1800000000,88,Million,88000000,"12,700",12700,12,,,,,,,,
state,RI,Rhode Island,40,2019,2.6,Billion,2600000000,127,Million,127000000,"17,400",17400,11,,,,,,,,
state,SC,South Carolina,41,2024,19.6,Billion,19600000000,1.5,Billion,1500000000,"135,100",135100,6,,,,,,,,
state,SC,South Carolina,41,2023,18.7,Billion,18700000000,1.5,Billion,1500000000,"133,500",133500,6,,,,,,,,
state,SC,South Carolina,41,2022,17.7,Billion,17700000000,1.4,Billion,1400000000,"128,700",128700,6,,,,,,,,
state,SC,South Carolina,41,2021,16.3,Billion,16300000000,1.3,Billion,1300000000,"120,900",120900,6,,,,,,,,
state,SC,South Carolina,41,2020,11.4,Billion,11400000000,1.2,Billion,1200000000,"112,800",112800,6,,,,,,,,
state,SC,South Carolina,41,2019,17.3,Billion,17300000000,1.5,Billion,1500000000,"140,100",140100,6,,,,,,,,
state,SD,South Dakota,42,2024,3.9,Billion,3900000000,232,Million,232000000,"29,700",29700,5,,,,,,,,
state,SD,South Dakota,42,2023,3.8,Billion,3800000000,225,Million,225000000,"29,100",29100,5,,,,,,,,
state,SD,South Dakota,42,2022,3.6,Billion,3600000000,217,Million,217000000,"28,400",28400,5,,,,,,,,
state,SD,South Dakota,42,2021,3.4,Billion,3400000000,209,Million,209000000,"26,800",26800,5,,,,,,,,
state,SD,South Dakota,42,2020,2.6,Billion,2600000000,160,Million,160000000,"24,000",24000,6,,,,,,,,
state,SD,South Dakota,42,2019,3.2,Billion,3200000000,182,Million,182000000,"27,400",27400,5,,,,,,,,
state,TN,Tennessee,43,2024,31.7,Billion,31700000000,3.3,Billion,3300000000,"204,600",204600,7,,,,,,,,
state,TN,Tennessee,43,2023,30.6,Billion,30600000000,3.2,Billion,3200000000,"201,200",201200,6,,,,,,,,
state,TN,Tennessee,43,2022,28.9,Billion,28900000000,2.9,Billion,2900000000,"195,000",195000,7,,,,,,,,
state,TN,Tennessee,43,2021,24.2,Billion,24200000000,2,Billion,2000000000,"169,700",169700,7,,,,,,,,
state,TN,Tennessee,43,2020,16.8,Billion,16800000000,1.4,Billion,1400000000,"157,400",157400,7,,,,,,,,
state,TN,Tennessee,43,2019,24.5,Billion,24500000000,2.1,Billion,2100000000,"194,900",194900,6,,,,,,,,
state,TX,Texas,44,2024,92.7,Billion,92700000000,5.4,Billion,5400000000,"713,300",713300,8,,,,,,,,
state,TX,Texas,44,2023,90,Billion,90000000000,5.4,Billion,5400000000,"707,100",707100,8,,,,,,,,
state,TX,Texas,44,2022,84.2,Billion,84200000000,5.1,Billion,5100000000,"679,500",679500,8,,,,,,,,
state,TX,Texas,44,2021,70.4,Billion,70400000000,4.6,Billion,4600000000,"586,900",586900,9,,,,,,,,
state,TX,Texas,44,2020,51.1,Billion,51100000000,4.1,Billion,4100000000,"494,200",494200,11,,,,,,,,
state,TX,Texas,44,2019,84.3,Billion,84300000000,5.7,Billion,5700000000,"714,400",714400,8,,,,,,,,
state,UT,Utah,45,2024,13.7,Billion,13700000000,892,Million,892000000,"88,400",88400,8,,,,,,,,
state,UT,Utah,45,2023,13.1,Billion,13100000000,882,Million,882000000,"87,000",87000,8,,,,,,,,
state,UT,Utah,45,2022,12.4,Billion,12400000000,841,Million,841000000,"84,100",84100,8,,,,,,,,
state,UT,Utah,45,2021,10.9,Billion,10900000000,757,Million,757000000,"77,400",77400,8,,,,,,,,
state,UT,Utah,45,2020,7.4,Billion,7400000000,676,Million,676000000,"74,300",74300,8,,,,,,,,
state,UT,Utah,45,2019,10.5,Billion,10500000000,782,Million,782000000,"88,800",88800,8,,,,,,,,
state,VA,Virginia,47,2024,35.1,Billion,35100000000,2.5,Billion,2500000000,"231,700",231700,7,,,,,,,,
state,VA,Virginia,47,2023,33.3,Billion,33300000000,2.4,Billion,2400000000,"226,700",226700,7,,,,,,,,
state,VA,Virginia,47,2022,30.3,Billion,30300000000,2.1,Billion,2100000000,"213,000",213000,7,,,,,,,,
state,VA,Virginia,47,2021,25.2,Billion,25200000000,1.8,Billion,1800000000,"187,300",187300,8,,,,,,,,
state,VA,Virginia,47,2020,17.5,Billion,17500000000,1.4,Billion,1400000000,"170,800",170800,8,,,,,,,,
state,VA,Virginia,47,2019,29.1,Billion,29100000000,2.1,Billion,2100000000,"240,800",240800,7,,,,,,,,
state,VT,Vermont,46,2024,3.4,Billion,3400000000,173,Million,173000000,"18,100",18100,5,,,,,,,,
state,VT,Vermont,46,2023,3.3,Billion,3300000000,166,Million,166000000,"17,700",17700,6,,,,,,,,
state,VT,Vermont,46,2022,3.2,Billion,3200000000,162,Million,162000000,"17,000",17000,6,,,,,,,,
state,VT,Vermont,46,2021,2.6,Billion,2600000000,136,Million,136000000,"14,500",14500,7,,,,,,,,
state,VT,Vermont,46,2020,1.8,Billion,1800000000,124,Million,124000000,"12,400",12400,7,,,,,,,,
state,VT,Vermont,46,2019,2.7,Billion,2700000000,182,Million,182000000,"22,800",22800,5,,,,,,,,
state,WA,Washington,48,2024,26.5,Billion,26500000000,1.3,Billion,1300000000,"137,300",137300,10,,,,,,,,
state,WA,Washington,48,2023,25.2,Billion,25200000000,1.3,Billion,1300000000,"135,700",135700,11,,,,,,,,
state,WA,Washington,48,2022,23.3,Billion,23300000000,1.2,Billion,1200000000,"129,600",129600,10,,,,,,,,
state,WA,Washington,48,2021,18.7,Billion,18700000000,982,Million,982000000,"118,100",118100,10,,,,,,,,
state,WA,Washington,48,2020,13.8,Billion,13800000000,770,Million,770000000,"106,300",106300,10,,,,,,,,
state,WA,Washington,48,2019,23.1,Billion,23100000000,1.2,Billion,1200000000,"146,100",146100,8,,,,,,,,
state,WI,Wisconsin,50,2024,16.3,Billion,16300000000,1,Billion,1000000000,"116,200",116200,10,,,,,,,,
state,WI,Wisconsin,50,2023,15.7,Billion,15700000000,986,Million,986000000,"113,400",113400,11,,,,,,,,
state,WI,Wisconsin,50,2022,15,Billion,15000000000,950,Million,950000000,"110,600",110600,11,,,,,,,,
state,WI,Wisconsin,50,2021,12.9,Billion,12900000000,864,Million,864000000,"104,800",104800,11,,,,,,,,
state,WI,Wisconsin,50,2020,9.8,Billion,9800000000,731,Million,731000000,"95,100",95100,11,,,,,,,,
state,WI,Wisconsin,50,2019,13.7,Billion,13700000000,1,Billion,1000000000,"127,400",127400,6,,,,,,,,
state,WV,West Virginia,49,2024,5.8,Billion,5800000000,542,Million,542000000,"43,600",43600,5,,,,,,,,
state,WV,West Virginia,49,2023,5.6,Billion,5600000000,523,Million,523000000,"42,600",42600,5,,,,,,,,
state,WV,West Virginia,49,2022,5.3,Billion,5300000000,503,Million,503000000,"41,500",41500,5,,,,,,,,
state,WV,West Virginia,49,2021,4.5,Billion,4500000000,445,Million,445000000,"38,700",38700,5,,,,,,,,
state,WV,West Virginia,49,2020,3.6,Billion,3600000000,296,Million,296000000,"25,900",25900,7,,,,,,,,
state,WV,West Virginia,49,2019,4.5,Billion,4500000000,448,Million,448000000,"43,900",43900,5,,,,,,,,
state,WY,Wyoming,51,2024,4.3,Billion,4300000000,177,Million,177000000,"34,400",34400,1,,,,,,,,
state,WY,Wyoming,51,2023,4.2,Billion,4200000000,177,Million,177000000,"34,300",34300,1,,,,,,,,
state,WY,Wyoming,51,2022,3.9,Billion,3900000000,170,Million,170000000,"33,500",33500,1,,,,,,,,
state,WY,Wyoming,51,2021,3.5,Billion,3500000000,168,Million,168000000,"31,700",31700,2,,,,,,,,
state,WY,Wyoming,51,2020,3.1,Billion,3100000000,162,Million,162000000,"29,200",29200,1,,,,,,,,
state,WY,Wyoming,51,2019,4,Billion,4000000000,185,Million,185000000,"34,300",34300,1,,,,,,,,
