Entity,Code,Year,Arrivals of tourists from abroad
Albania,ALB,2018,5340000.0
Albania,ALB,2019,6128000.0
Albania,ALB,2020,2604000.0
Albania,ALB,2021,5515000.0
Albania,ALB,2022,7104700.0
Albania,ALB,2023,9741000.0
Albania,ALB,2024,11483000.0
American Samoa,ASM,2018,20200.0
American Samoa,ASM,2019,19200.0
American Samoa,ASM,2020,900.0
Andorra,AND,2018,3042000.0
Andorra,AND,2019,3090000.0
Andorra,AND,2020,1872000.0
Andorra,AND,2021,1949000.0
Andorra,AND,2022,3555100.0
Andorra,AND,2023,4048100.0
Andorra,AND,2024,4167600.0
Angola,AGO,2018,218000.0
Angola,AGO,2019,218000.0
Angola,AGO,2020,64000.0
Angola,AGO,2021,64000.0
Angola,AGO,2022,130000.0
Anguilla,AIA,2018,55000.0
Anguilla,AIA,2019,95000.0
Anguilla,AIA,2020,25400.0
Anguilla,AIA,2021,28400.0
Anguilla,AIA,2022,74100.0
Antigua and Barbuda,ATG,2018,269000.0
Antigua and Barbuda,ATG,2019,301000.0
Antigua and Barbuda,ATG,2020,125000.0
Antigua and Barbuda,ATG,2021,169400.0
Antigua and Barbuda,ATG,2022,265100.0
Antigua and Barbuda,ATG,2023,281800.0
Antigua and Barbuda,ATG,2024,330200.0
Argentina,ARG,2018,6942000.0
Argentina,ARG,2019,7399000.0
Argentina,ARG,2020,2090000.0
Argentina,ARG,2021,297000.0
Argentina,ARG,2022,3890000.0
Argentina,ARG,2023,7285688.0
Argentina,ARG,2024,6603877.0
Armenia,ARM,2018,1652000.0
Armenia,ARM,2019,1894000.0
Armenia,ARM,2020,360000.0
Armenia,ARM,2021,876000.0
Armenia,ARM,2022,1666000.0
Armenia,ARM,2023,2316000.0
Armenia,ARM,2024,2208000.0
Aruba,ABW,2018,1082000.0
Aruba,ABW,2019,1119000.0
Aruba,ABW,2020,368000.0
Aruba,ABW,2021,807000.0
Aruba,ABW,2022,1101000.0
Austria,AUT,2018,30816000.0
Austria,AUT,2019,31884000.0
Austria,AUT,2020,15091000.0
Austria,AUT,2021,12728000.0
Austria,AUT,2022,26215000.0
Australia,AUS,2018,9246000.0
Australia,AUS,2019,9466000.0
Australia,AUS,2020,1807000.0
Australia,AUS,2021,151000.0
Australia,AUS,2022,3689000.0
Australia,AUS,2023,7966040.0
Australia,AUS,2024,8402400.0
Azerbaijan,AZE,2018,2633000.0
Azerbaijan,AZE,2019,2876000.0
Azerbaijan,AZE,2020,587000.0
Azerbaijan,AZE,2022,1508000.0
Bahamas,BHS,2018,1633000.0
Bahamas,BHS,2019,1807000.0
Bahamas,BHS,2020,441000.0
Bahamas,BHS,2021,892000.0
Bahamas,BHS,2022,1452400.0
Bahamas,BHS,2023,1872059.0
Bahamas,BHS,2024,1869133.0
Bahrain,BHR,2018,4366000.0
Bahrain,BHR,2019,3849000.0
Bahrain,BHR,2020,827000.0
Bahrain,BHR,2021,2182000.0
Bahrain,BHR,2022,3712000.0
Bahrain,BHR,2023,5484000.0
Bahrain,BHR,2024,6618000.0
Bangladesh,BGD,2018,267000.0
Bangladesh,BGD,2019,323000.0
Bangladesh,BGD,2020,182000.0
Bangladesh,BGD,2021,135000.0
Barbados,BRB,2018,680000.0
Barbados,BRB,2019,523000.0
Barbados,BRB,2020,207400.0
Barbados,BRB,2021,144800.0
Barbados,BRB,2022,539700.0
Barbados,BRB,2023,636045.9
Barbados,BRB,2024,704340.0
Belarus,BLR,2018,2142000.0
Belarus,BLR,2019,2206000.0
Belarus,BLR,2020,577000.0
Belarus,BLR,2021,787000.0
Belarus,BLR,2022,1492000.0
Belgium,BEL,2018,9119000.0
Belgium,BEL,2019,9343000.0
Belgium,BEL,2020,2584000.0
Belgium,BEL,2021,3243000.0
Belgium,BEL,2022,8220000.0
Belgium,BEL,2023,9280000.0
Belgium,BEL,2024,9638000.0
Belize,BLZ,2018,489000.0
Belize,BLZ,2019,503000.0
Belize,BLZ,2020,144100.0
Belize,BLZ,2021,219000.0
Belize,BLZ,2022,372600.0
Benin,BEN,2018,295000.0
Benin,BEN,2019,309000.0
Benin,BEN,2020,325000.0
Bermuda,BMU,2018,282000.0
Bermuda,BMU,2019,269000.0
Bermuda,BMU,2020,42100.0
Bermuda,BMU,2021,72200.0
Bermuda,BMU,2022,145900.0
Bhutan,BTN,2018,274000.0
Bhutan,BTN,2019,316000.0
Bhutan,BTN,2020,29800.0
Bhutan,BTN,2021,1.0
Bhutan,BTN,2022,20900.0
Bolivia,BOL,2018,1142000.0
Bolivia,BOL,2019,1239000.0
Bolivia,BOL,2020,323300.0
Bolivia,BOL,2021,180000.0
Bolivia,BOL,2022,724000.0
Bosnia and Herzegovina,BIH,2018,1053000.0
Bosnia and Herzegovina,BIH,2019,1198000.0
Bosnia and Herzegovina,BIH,2020,197000.0
Bosnia and Herzegovina,BIH,2021,502000.0
Bosnia and Herzegovina,BIH,2022,915000.0
Bosnia and Herzegovina,BIH,2023,1198000.0
Bosnia and Herzegovina,BIH,2024,1388775.0
Botswana,BWA,2018,1655000.0
Botswana,BWA,2019,1454600.0
Botswana,BWA,2020,328500.0
Botswana,BWA,2021,314000.0
Brazil,BRA,2018,6621000.0
Brazil,BRA,2019,6353000.0
Brazil,BRA,2020,2146435.0
Brazil,BRA,2021,745871.0
Brazil,BRA,2022,3630031.0
Brazil,BRA,2023,5908341.0
Brazil,BRA,2024,6773619.0
British Virgin Islands,VGB,2018,192000.0
British Virgin Islands,VGB,2019,302400.0
British Virgin Islands,VGB,2020,83000.0
British Virgin Islands,VGB,2021,56000.0
British Virgin Islands,VGB,2022,173000.0
Brunei,BRN,2018,278000.0
Brunei,BRN,2019,333000.0
Brunei,BRN,2020,62300.0
Brunei,BRN,2021,3500.0
Bulgaria,BGR,2018,9273000.0
Bulgaria,BGR,2019,7775000.0
Bulgaria,BGR,2020,1290000.0
Bulgaria,BGR,2021,2300000.0
Bulgaria,BGR,2022,5557000.0
Burkina Faso,BFA,2018,144000.0
Burkina Faso,BFA,2019,143000.0
Burkina Faso,BFA,2020,67000.0
Burkina Faso,BFA,2021,106000.0
Burkina Faso,BFA,2022,116000.0
Burkina Faso,BFA,2023,121000.0
Burkina Faso,BFA,2024,132000.0
Cambodia,KHM,2018,6201000.0
Cambodia,KHM,2019,6611000.0
Cambodia,KHM,2020,1306000.0
Cambodia,KHM,2021,196400.0
Cambodia,KHM,2022,2276600.0
Canada,CAN,2018,21134000.0
Canada,CAN,2019,22145000.0
Canada,CAN,2020,2960000.0
Canada,CAN,2021,3062000.0
Canada,CAN,2022,12824000.0
Canada,CAN,2023,18344000.0
Canada,CAN,2024,19913000.0
Cape Verde,CPV,2018,710000.0
Cape Verde,CPV,2019,758000.0
Cape Verde,CPV,2020,180000.0
Cape Verde,CPV,2021,135000.0
Cape Verde,CPV,2022,785000.0
Cayman Islands,CYM,2018,463000.0
Cayman Islands,CYM,2019,503000.0
Cayman Islands,CYM,2020,122000.0
Cayman Islands,CYM,2021,17300.0
Cayman Islands,CYM,2022,284300.0
Central African Republic,CAF,2018,109000.0
Central African Republic,CAF,2019,87000.0
Central African Republic,CAF,2020,34600.0
Chad,TCD,2018,77000.0
Chad,TCD,2019,79000.0
Chad,TCD,2020,11000.0
Chad,TCD,2021,40000.0
Chile,CHL,2018,5723000.0
Chile,CHL,2019,4518000.0
Chile,CHL,2020,1119094.0
Chile,CHL,2021,190022.0
Chile,CHL,2022,2030479.0
Chile,CHL,2023,3730507.0
Chile,CHL,2024,5239233.0
China,CHN,2018,62900000.0
China,CHN,2019,65725000.0
China,CHN,2020,7967000.0
China,CHN,2021,5730000.0
China,CHN,2022,17115400.0
China,CHN,2023,35477800.0
China,CHN,2024,32000000.0
Colombia,COL,2018,4020000.0
Colombia,COL,2019,4169000.0
Colombia,COL,2020,1252000.0
Colombia,COL,2021,2127000.0
Colombia,COL,2022,4519000.0
Comoros,COM,2018,35900.0
Comoros,COM,2019,45100.0
Comoros,COM,2020,7000.0
Comoros,COM,2021,28800.0
Congo,COG,2018,156000.0
Cook Islands,COK,2018,169000.0
Cook Islands,COK,2019,172000.0
Cook Islands,COK,2020,25200.0
Cook Islands,COK,2021,26300.0
Cook Islands,COK,2022,113600.0
Costa Rica,CRI,2018,3017000.0
Costa Rica,CRI,2019,3139000.0
Costa Rica,CRI,2020,1011912.0
Costa Rica,CRI,2021,1347055.0
Costa Rica,CRI,2022,2349537.0
Costa Rica,CRI,2023,2751134.0
Costa Rica,CRI,2024,2919483.0
Croatia,HRV,2018,16645000.0
Croatia,HRV,2019,17353000.0
Croatia,HRV,2020,5545000.0
Croatia,HRV,2021,10641000.0
Croatia,HRV,2022,15324000.0
Cuba,CUB,2018,4684000.0
Cuba,CUB,2019,4263000.0
Cuba,CUB,2020,1085000.0
Cuba,CUB,2021,355500.0
Cuba,CUB,2022,1613400.0
Curacao,CUW,2018,432000.0
Curacao,CUW,2019,464000.0
Curacao,CUW,2020,175000.0
Curacao,CUW,2021,265000.0
Curacao,CUW,2022,489600.0
Cyprus,CYP,2018,3939000.0
Cyprus,CYP,2019,3977000.0
Cyprus,CYP,2020,631609.0
Cyprus,CYP,2021,1936931.0
Cyprus,CYP,2022,3201080.0
Cyprus,CYP,2023,3845652.0
Cyprus,CYP,2024,4040200.0
Czechia,CZE,2018,14282600.0
Czechia,CZE,2019,14651000.0
Czechia,CZE,2020,3919400.0
Czechia,CZE,2021,3768000.0
Democratic Republic of Congo,COD,2018,392000.0
Democratic Republic of Congo,COD,2019,479000.0
Democratic Republic of Congo,COD,2020,202000.0
Democratic Republic of Congo,COD,2021,382000.0
Denmark,DNK,2018,12749000.0
Denmark,DNK,2019,14725000.0
Denmark,DNK,2020,6229000.0
Denmark,DNK,2021,7555000.0
Denmark,DNK,2022,14190000.0
Djibouti,DJI,2018,142000.0
Djibouti,DJI,2019,167000.0
Djibouti,DJI,2020,75000.0
Djibouti,DJI,2021,114000.0
Djibouti,DJI,2022,145000.0
Dominica,DMA,2018,63000.0
Dominica,DMA,2019,90000.0
Dominica,DMA,2020,22000.0
Dominica,DMA,2021,15000.0
Dominica,DMA,2022,61000.0
Dominican Republic,DOM,2018,6569000.0
Dominican Republic,DOM,2019,6446000.0
Dominican Republic,DOM,2020,2405310.0
Dominican Republic,DOM,2021,4994313.0
Dominican Republic,DOM,2022,7163414.0
Dominican Republic,DOM,2023,8058671.5
Dominican Republic,DOM,2024,8535701.0
East Timor,TLS,2018,74600.0
East Timor,TLS,2019,80800.0
East Timor,TLS,2020,17900.0
East Timor,TLS,2021,5500.0
Egypt,EGY,2018,11196000.0
Egypt,EGY,2019,12876000.0
Egypt,EGY,2020,3619000.0
Egypt,EGY,2021,7967000.0
Egypt,EGY,2022,11625000.0
El Salvador,SLV,2018,1677300.0
El Salvador,SLV,2019,1766000.0
El Salvador,SLV,2020,549000.0
El Salvador,SLV,2021,1219000.0
El Salvador,SLV,2022,1891000.0
El Salvador,SLV,2023,2479099.5
El Salvador,SLV,2024,3186988.5
Estonia,EST,2018,3226000.0
Estonia,EST,2019,3336000.0
Estonia,EST,2020,1023000.0
Estonia,EST,2021,808000.0
Estonia,EST,2022,2166000.0
Eswatini,SWZ,2018,782000.0
Eswatini,SWZ,2019,680000.0
Eswatini,SWZ,2020,193700.0
Eswatini,SWZ,2021,170300.0
Eswatini,SWZ,2022,393000.0
Ethiopia,ETH,2018,849000.0
Ethiopia,ETH,2019,812000.0
Ethiopia,ETH,2020,271000.0
Ethiopia,ETH,2021,518000.0
Ethiopia,ETH,2022,897000.0
Ethiopia,ETH,2023,247000.0
Ethiopia,ETH,2024,536000.0
Fiji,FJI,2018,870000.0
Fiji,FJI,2019,894000.0
Fiji,FJI,2020,146900.0
Fiji,FJI,2021,32000.0
Fiji,FJI,2022,636300.0
Fiji,FJI,2023,929740.0
Fiji,FJI,2024,928938.0
Finland,FIN,2018,3224000.0
Finland,FIN,2019,3290000.0
Finland,FIN,2023,4248000.0
Finland,FIN,2024,4475000.0
France,FRA,2018,89322000.0
France,FRA,2019,90914000.0
France,FRA,2020,41684000.0
France,FRA,2021,48395000.0
French Guiana,GUF,2020,49000.0
French Guiana,GUF,2021,42000.0
French Guiana,GUF,2022,73000.0
French Guiana,GUF,2023,77000.0
French Guiana,GUF,2024,86000.0
French Polynesia,PYF,2018,216300.0
French Polynesia,PYF,2019,237000.0
French Polynesia,PYF,2020,77000.0
French Polynesia,PYF,2021,83000.0
French Polynesia,PYF,2022,218800.0
Gambia,GMB,2018,552000.0
Gambia,GMB,2019,620000.0
Gambia,GMB,2020,246000.0
Gambia,GMB,2021,332000.0
Gambia,GMB,2022,570000.0
Georgia,GEO,2018,4757000.0
Georgia,GEO,2019,5080400.0
Georgia,GEO,2020,1087000.0
Georgia,GEO,2021,1577000.0
Georgia,GEO,2022,3653000.0
Georgia,GEO,2023,4669000.0
Georgia,GEO,2024,5092000.0
Germany,DEU,2018,38881000.0
Germany,DEU,2019,39563000.0
Germany,DEU,2020,12411000.0
Germany,DEU,2021,11652000.0
Germany,DEU,2022,28383000.0
Germany,DEU,2023,34712000.0
Germany,DEU,2024,37420000.0
Ghana,GHA,2018,956000.0
Ghana,GHA,2019,1130000.0
Ghana,GHA,2020,355000.0
Ghana,GHA,2021,624000.0
Ghana,GHA,2022,915000.0
Greece,GRC,2018,30123000.0
Greece,GRC,2019,31348400.0
Greece,GRC,2020,7374400.0
Greece,GRC,2021,14705000.0
Greece,GRC,2022,27836000.0
Grenada,GRD,2018,186000.0
Grenada,GRD,2019,188000.0
Grenada,GRD,2020,54200.0
Grenada,GRD,2021,47000.0
Grenada,GRD,2022,149000.0
Guadeloupe,GLP,2018,735000.0
Guam,GUM,2018,1549000.0
Guam,GUM,2019,1667000.0
Guam,GUM,2020,328173.0
Guam,GUM,2021,79389.0
Guam,GUM,2022,326878.0
Guam,GUM,2023,656518.0
Guam,GUM,2024,739146.0
Guatemala,GTM,2018,1781000.0
Guatemala,GTM,2019,1752400.0
Guatemala,GTM,2020,395700.0
Guatemala,GTM,2021,602100.0
Guatemala,GTM,2022,1494000.0
Guinea-Bissau,GNB,2018,55000.0
Guinea-Bissau,GNB,2019,52400.0
Guyana,GUY,2018,287000.0
Guyana,GUY,2019,315000.0
Guyana,GUY,2020,86500.0
Guyana,GUY,2021,158300.0
Guyana,GUY,2022,288000.0
Haiti,HTI,2018,447000.0
Haiti,HTI,2019,286000.0
Haiti,HTI,2020,203000.0
Haiti,HTI,2021,148000.0
Honduras,HND,2018,847000.0
Honduras,HND,2019,724000.0
Honduras,HND,2020,204000.0
Honduras,HND,2021,459000.0
Honduras,HND,2022,844000.0
Hong Kong,HKG,2018,29263000.0
Hong Kong,HKG,2019,23752000.0
Hong Kong,HKG,2020,1359000.0
Hong Kong,HKG,2021,89200.0
Hong Kong,HKG,2022,567800.0
Hong Kong,HKG,2023,17159300.0
Hong Kong,HKG,2024,21943900.0
Hungary,HUN,2018,17552000.0
Hungary,HUN,2019,16937000.0
Hungary,HUN,2020,7417000.0
Hungary,HUN,2021,7929100.0
Hungary,HUN,2022,12649000.0
Hungary,HUN,2023,12933000.0
Hungary,HUN,2024,13155000.0
Iceland,ISL,2018,2343800.0
Iceland,ISL,2019,2013000.0
Iceland,ISL,2020,486300.0
Iceland,ISL,2021,698000.0
India,IND,2019,17754000.0
India,IND,2020,2699000.0
India,IND,2021,1507000.0
India,IND,2022,6374000.0
India,IND,2023,9405000.0
India,IND,2024,9824000.0
Indonesia,IDN,2018,13396000.0
Indonesia,IDN,2019,15455000.0
Indonesia,IDN,2020,3915400.0
Indonesia,IDN,2021,1546300.0
Indonesia,IDN,2022,5764000.0
Indonesia,IDN,2023,11382000.0
Indonesia,IDN,2024,13603000.0
Iran,IRN,2021,882000.0
Ireland,IRL,2018,10926000.0
Ireland,IRL,2019,10951000.0
Israel,ISR,2018,4121000.0
Israel,ISR,2019,4552000.0
Israel,ISR,2020,831000.0
Israel,ISR,2021,397000.0
Israel,ISR,2022,2675000.0
Israel,ISR,2023,3010000.0
Israel,ISR,2024,961000.0
Italy,ITA,2018,61567200.0
Italy,ITA,2019,64513000.0
Italy,ITA,2020,25190000.0
Italy,ITA,2021,26888000.0
Italy,ITA,2022,49811000.0
Italy,ITA,2023,57250000.0
Italy,ITA,2024,57725000.0
Jamaica,JAM,2018,2473000.0
Jamaica,JAM,2019,2681000.0
Jamaica,JAM,2020,880400.0
Jamaica,JAM,2021,1464000.0
Jamaica,JAM,2022,2478400.0
Japan,JPN,2020,4115799.8
Japan,JPN,2021,245800.0
Japan,JPN,2022,3832100.0
Japan,JPN,2023,25066000.0
Japan,JPN,2024,36870000.0
Jordan,JOR,2018,4150000.0
Jordan,JOR,2019,4488400.0
Jordan,JOR,2020,1067000.0
Jordan,JOR,2021,2012000.0
Jordan,JOR,2022,4276700.0
Jordan,JOR,2023,5346000.0
Jordan,JOR,2024,5217000.0
Kazakhstan,KAZ,2020,2555564.0
Kazakhstan,KAZ,2021,2000314.0
Kazakhstan,KAZ,2022,6715459.0
Kazakhstan,KAZ,2023,9871166.0
Kazakhstan,KAZ,2024,10381566.0
Kiribati,KIR,2018,7100.0
Kiribati,KIR,2019,7900.0
Kiribati,KIR,2020,1400.0
Kiribati,KIR,2021,70.0
Kiribati,KIR,2022,1800.0
Kuwait,KWT,2018,200000.0
Kuwait,KWT,2019,153000.0
Kuwait,KWT,2020,86485.0
Kuwait,KWT,2021,84971.0
Kuwait,KWT,2022,88670.0
Kuwait,KWT,2023,122456.0
Kyrgyzstan,KGZ,2018,423000.0
Kyrgyzstan,KGZ,2019,235000.0
Kyrgyzstan,KGZ,2020,69000.0
Kyrgyzstan,KGZ,2021,144000.0
Kyrgyzstan,KGZ,2022,345700.0
Laos,LAO,2018,3770000.0
Laos,LAO,2019,4384000.0
Laos,LAO,2020,811600.0
Latvia,LVA,2018,1946000.0
Latvia,LVA,2019,1935000.0
Latvia,LVA,2020,636000.0
Latvia,LVA,2021,478000.0
Lebanon,LBN,2018,1964000.0
Lebanon,LBN,2019,1936000.0
Lebanon,LBN,2020,414000.0
Lebanon,LBN,2021,890000.0
Lebanon,LBN,2022,1466000.0
Liechtenstein,LIE,2018,85300.0
Liechtenstein,LIE,2019,98100.0
Liechtenstein,LIE,2020,58359.0
Liechtenstein,LIE,2021,70764.0
Liechtenstein,LIE,2022,100814.0
Liechtenstein,LIE,2023,114399.0
Liechtenstein,LIE,2024,117789.0
Lithuania,LTU,2018,2825000.0
Lithuania,LTU,2019,2875000.0
Lithuania,LTU,2020,936700.0
Lithuania,LTU,2021,947600.0
Lithuania,LTU,2022,2168700.0
Lithuania,LTU,2023,2404700.0
Lithuania,LTU,2024,2383300.0
Luxembourg,LUX,2018,1018000.0
Luxembourg,LUX,2019,1041000.0
Luxembourg,LUX,2020,525000.0
Luxembourg,LUX,2021,615000.0
Luxembourg,LUX,2022,1013000.0
Macao,MAC,2018,18493000.0
Macao,MAC,2019,18633000.0
Macao,MAC,2020,2822037.0
Macao,MAC,2021,3696800.0
Macao,MAC,2022,2484028.0
Macao,MAC,2023,14227229.0
Macao,MAC,2024,16043768.0
Madagascar,MDG,2018,291000.0
Madagascar,MDG,2019,384000.0
Madagascar,MDG,2020,68300.0
Madagascar,MDG,2021,7800.0
Malawi,MWI,2018,871000.0
Malawi,MWI,2019,978000.0
Malawi,MWI,2020,199000.0
Malawi,MWI,2021,432000.0
Malaysia,MYS,2018,25832000.0
Malaysia,MYS,2019,26101000.0
Malaysia,MYS,2020,4333000.0
Malaysia,MYS,2021,135000.0
Malaysia,MYS,2022,10071000.0
Maldives,MDV,2018,1484000.0
Maldives,MDV,2019,1703000.0
Maldives,MDV,2020,555000.0
Maldives,MDV,2021,1322000.0
Maldives,MDV,2022,1675000.0
Mali,MLI,2018,203000.0
Mali,MLI,2019,217000.0
Mali,MLI,2020,75000.0
Mali,MLI,2021,168000.0
Malta,MLT,2018,2599000.0
Malta,MLT,2019,2753000.0
Malta,MLT,2020,659000.0
Malta,MLT,2021,968000.0
Malta,MLT,2022,2286600.0
Malta,MLT,2023,2981500.0
Malta,MLT,2024,3563600.0
Marshall Islands,MHL,2018,6800.0
Marshall Islands,MHL,2019,6100.0
Marshall Islands,MHL,2020,1200.0
Marshall Islands,MHL,2021,35.0
Martinique,MTQ,2018,537000.0
Martinique,MTQ,2019,556000.0
Martinique,MTQ,2020,312300.0
Martinique,MTQ,2021,291000.0
Martinique,MTQ,2022,556000.0
Mauritius,MUS,2018,1399000.0
Mauritius,MUS,2019,1383000.0
Mauritius,MUS,2020,309000.0
Mauritius,MUS,2021,179800.0
Mauritius,MUS,2022,997000.0
Mauritius,MUS,2023,1295000.0
Mauritius,MUS,2024,1382000.0
Mexico,MEX,2018,41313000.0
Mexico,MEX,2019,45024000.0
Mexico,MEX,2020,24283536.0
Mexico,MEX,2021,31860392.0
Mexico,MEX,2022,38325550.0
Mexico,MEX,2023,41949428.0
Mexico,MEX,2024,45038750.0
Micronesia (country),FSM,2018,19200.0
Micronesia (country),FSM,2019,18000.0
Moldova,MDA,2018,160000.0
Moldova,MDA,2019,174000.0
Moldova,MDA,2020,28732.0
Moldova,MDA,2021,68852.0
Moldova,MDA,2022,162086.0
Moldova,MDA,2023,195447.0
Moldova,MDA,2024,254020.0
Monaco,MCO,2018,347000.0
Monaco,MCO,2019,363000.0
Monaco,MCO,2020,172037.0
Monaco,MCO,2021,220052.0
Monaco,MCO,2022,290180.0
Monaco,MCO,2023,341248.0
Monaco,MCO,2024,348258.0
Mongolia,MNG,2018,529000.0
Mongolia,MNG,2019,577000.0
Mongolia,MNG,2020,58900.0
Mongolia,MNG,2021,33000.0
Mongolia,MNG,2022,286000.0
Mongolia,MNG,2023,594000.0
Mongolia,MNG,2024,727000.0
Montenegro,MNE,2018,2077000.0
Montenegro,MNE,2019,2510000.0
Montenegro,MNE,2020,351000.0
Montenegro,MNE,2021,1554000.0
Montenegro,MNE,2022,2036000.0
Montserrat,MSR,2018,10200.0
Montserrat,MSR,2019,10400.0
Montserrat,MSR,2020,4500.0
Montserrat,MSR,2021,1600.0
Morocco,MAR,2018,12289000.0
Morocco,MAR,2019,12932000.0
Morocco,MAR,2020,2778000.0
Morocco,MAR,2021,3722000.0
Morocco,MAR,2022,10869000.0
Mozambique,MOZ,2018,2743000.0
Mozambique,MOZ,2019,2019000.0
Mozambique,MOZ,2020,952000.0
Mozambique,MOZ,2021,492000.0
Myanmar,MMR,2018,3551000.0
Myanmar,MMR,2019,4364000.0
Myanmar,MMR,2020,903000.0
Myanmar,MMR,2021,131000.0
Myanmar,MMR,2022,233000.0
Myanmar,MMR,2023,1067000.0
Myanmar,MMR,2024,808000.0
Namibia,NAM,2018,1557000.0
Namibia,NAM,2019,1596000.0
Namibia,NAM,2020,169600.0
Namibia,NAM,2021,232800.0
Namibia,NAM,2022,461000.0
Namibia,NAM,2023,864000.0
Nepal,NPL,2018,1173000.0
Nepal,NPL,2019,1197000.0
Nepal,NPL,2020,230000.0
Nepal,NPL,2021,151000.0
Nepal,NPL,2022,614800.0
Netherlands,NLD,2018,18780000.0
Netherlands,NLD,2019,20129000.0
Netherlands,NLD,2020,7265000.0
Netherlands,NLD,2021,6248000.0
Netherlands,NLD,2022,16063000.0
New Caledonia,NCL,2018,120000.0
New Caledonia,NCL,2019,131000.0
New Caledonia,NCL,2020,32136.002
New Caledonia,NCL,2021,13825.0
New Caledonia,NCL,2022,78748.0
New Caledonia,NCL,2023,125097.0
New Caledonia,NCL,2024,59399.0
New Zealand,NZL,2018,3686000.0
New Zealand,NZL,2019,3702000.0
New Zealand,NZL,2020,948612.0
New Zealand,NZL,2021,204882.0
New Zealand,NZL,2022,1389056.0
New Zealand,NZL,2023,2827557.0
New Zealand,NZL,2024,3175839.0
Nicaragua,NIC,2018,1256000.0
Nicaragua,NIC,2019,1295000.0
Nicaragua,NIC,2020,384000.0
Nicaragua,NIC,2021,222400.0
Nicaragua,NIC,2022,817900.0
Niger,NER,2018,157000.0
Niger,NER,2019,192000.0
Niger,NER,2020,85000.0
Nigeria,NGA,2018,1966000.0
Nigeria,NGA,2019,2005000.0
Nigeria,NGA,2020,502000.0
Nigeria,NGA,2021,518000.0
Nigeria,NGA,2022,528360.0
Nigeria,NGA,2023,528360.0
Nigeria,NGA,2024,538927.2
Niue,NIU,2018,10500.0
Niue,NIU,2019,10200.0
Niue,NIU,2020,1300.0
Niue,NIU,2021,200.0
North Macedonia,MKD,2018,707000.0
North Macedonia,MKD,2019,758000.0
North Macedonia,MKD,2020,118000.0
North Macedonia,MKD,2021,294000.0
North Macedonia,MKD,2022,537000.0
North Macedonia,MKD,2023,734139.0
North Macedonia,MKD,2024,830179.0
Northern Mariana Islands,MNP,2018,517000.0
Northern Mariana Islands,MNP,2019,484000.0
Northern Mariana Islands,MNP,2020,87000.0
Northern Mariana Islands,MNP,2021,12200.0
Northern Mariana Islands,MNP,2022,96100.0
Norway,NOR,2018,5688000.0
Norway,NOR,2019,5879000.0
Norway,NOR,2020,1397000.0
Norway,NOR,2021,1435000.0
Norway,NOR,2022,4979400.0
Oman,OMN,2018,2301000.0
Oman,OMN,2019,2500000.0
Oman,OMN,2020,622400.0
Oman,OMN,2021,464000.0
Oman,OMN,2022,2105580.8
Oman,OMN,2023,2849060.2
Oman,OMN,2024,2659001.5
Palau,PLW,2018,106000.0
Palau,PLW,2019,94000.0
Palau,PLW,2020,18400.0
Palestine,PSE,2018,985000.0
Palestine,PSE,2019,1110000.0
Palestine,PSE,2020,170000.0
Panama,PAN,2018,1785000.0
Panama,PAN,2019,1753000.0
Panama,PAN,2020,414000.0
Panama,PAN,2021,618000.0
Panama,PAN,2022,1488000.0
Papua New Guinea,PNG,2018,140000.0
Papua New Guinea,PNG,2019,160000.0
Papua New Guinea,PNG,2020,39000.0
Papua New Guinea,PNG,2021,17000.0
Papua New Guinea,PNG,2022,66800.0
Paraguay,PRY,2018,1181000.0
Paraguay,PRY,2019,1216000.0
Paraguay,PRY,2020,252000.0
Paraguay,PRY,2021,95000.0
Paraguay,PRY,2022,579400.0
Paraguay,PRY,2023,864000.0
Paraguay,PRY,2024,1061000.0
Peru,PER,2018,4419000.0
Peru,PER,2019,4372000.0
Peru,PER,2020,897000.0
Peru,PER,2021,444000.0
Peru,PER,2022,2009300.0
Philippines,PHL,2018,7168000.0
Philippines,PHL,2019,8261000.0
Philippines,PHL,2020,1483000.0
Philippines,PHL,2021,164000.0
Philippines,PHL,2022,2654000.0
Poland,POL,2018,19622000.0
Poland,POL,2019,21158000.0
Poland,POL,2020,8418000.0
Poland,POL,2021,9722000.0
Poland,POL,2022,15948000.0
Poland,POL,2023,18987000.0
Poland,POL,2024,19723000.0
Portugal,PRT,2018,16186000.0
Portugal,PRT,2019,17283000.0
Portugal,PRT,2020,6480000.0
Portugal,PRT,2021,9617000.0
Portugal,PRT,2022,22254000.0
Portugal,PRT,2023,26504000.0
Portugal,PRT,2024,28970000.0
Puerto Rico,PRI,2018,3068000.0
Puerto Rico,PRI,2019,3180000.0
Puerto Rico,PRI,2020,2617400.0
Puerto Rico,PRI,2021,2754700.0
Puerto Rico,PRI,2022,4231900.0
Puerto Rico,PRI,2023,5046200.0
Puerto Rico,PRI,2024,5551200.0
Qatar,QAT,2020,581700.0
Qatar,QAT,2021,610800.0
Qatar,QAT,2022,2559800.0
Reunion,REU,2018,535000.0
Reunion,REU,2019,533600.0
Reunion,REU,2020,216700.0
Reunion,REU,2021,251000.0
Reunion,REU,2022,495000.0
Romania,ROU,2020,5022700.0
Romania,ROU,2021,6788900.0
Romania,ROU,2022,12696800.0
Romania,ROU,2023,14777000.0
Romania,ROU,2024,13353000.0
Rwanda,RWA,2018,1619000.0
Rwanda,RWA,2019,1544000.0
Rwanda,RWA,2020,460000.0
Rwanda,RWA,2021,480000.0
Saint Kitts and Nevis,KNA,2018,125000.0
Saint Kitts and Nevis,KNA,2019,120000.0
Saint Kitts and Nevis,KNA,2020,30000.0
Saint Kitts and Nevis,KNA,2021,20200.0
Saint Kitts and Nevis,KNA,2022,79800.0
Saint Lucia,LCA,2018,395000.0
Saint Lucia,LCA,2019,424000.0
Saint Lucia,LCA,2020,130700.0
Saint Lucia,LCA,2021,199000.0
Saint Lucia,LCA,2022,356000.0
Saint Vincent and the Grenadines,VCT,2018,80000.0
Saint Vincent and the Grenadines,VCT,2019,84000.0
Saint Vincent and the Grenadines,VCT,2020,27000.0
Saint Vincent and the Grenadines,VCT,2021,24200.0
Saint Vincent and the Grenadines,VCT,2022,59000.0
Samoa,WSM,2018,164000.0
Samoa,WSM,2019,172000.0
Samoa,WSM,2020,23100.0
Samoa,WSM,2021,2600.0
Samoa,WSM,2022,49400.0
San Marino,SMR,2018,84000.0
San Marino,SMR,2019,111000.0
San Marino,SMR,2020,58000.0
San Marino,SMR,2021,94000.0
Sao Tome and Principe,STP,2018,33400.0
Sao Tome and Principe,STP,2019,34900.0
Sao Tome and Principe,STP,2020,10700.0
Sao Tome and Principe,STP,2021,15100.0
Saudi Arabia,SAU,2018,15334000.0
Saudi Arabia,SAU,2019,17526000.0
Saudi Arabia,SAU,2020,4138178.2
Saudi Arabia,SAU,2021,3477216.2
Saudi Arabia,SAU,2022,16637861.0
Saudi Arabia,SAU,2023,27423536.0
Saudi Arabia,SAU,2024,29727444.0
Serbia,SRB,2018,1711000.0
Serbia,SRB,2019,1847000.0
Serbia,SRB,2020,446000.0
Serbia,SRB,2021,871000.0
Serbia,SRB,2022,1773000.0
Serbia,SRB,2023,2134305.0
Serbia,SRB,2024,2384735.0
Seychelles,SYC,2018,362000.0
Seychelles,SYC,2019,384000.0
Seychelles,SYC,2020,114900.0
Seychelles,SYC,2021,183000.0
Seychelles,SYC,2022,332000.0
Sierra Leone,SLE,2018,57000.0
Sierra Leone,SLE,2019,63000.0
Sierra Leone,SLE,2020,24000.0
Sierra Leone,SLE,2021,40000.0
Singapore,SGP,2018,14673000.0
Singapore,SGP,2019,15119000.0
Singapore,SGP,2020,2086000.0
Singapore,SGP,2021,325000.0
Singapore,SGP,2022,5344000.0
Singapore,SGP,2023,10812000.0
Singapore,SGP,2024,13025000.0
Sint Maarten (Dutch part),SXM,2018,178000.0
Sint Maarten (Dutch part),SXM,2019,320000.0
Sint Maarten (Dutch part),SXM,2020,106000.0
Sint Maarten (Dutch part),SXM,2021,249000.0
Sint Maarten (Dutch part),SXM,2022,373000.0
Slovenia,SVN,2018,4425000.0
Slovenia,SVN,2019,4702000.0
Slovenia,SVN,2020,1216000.0
Slovenia,SVN,2021,1832000.0
Slovenia,SVN,2022,3936000.0
Slovenia,SVN,2023,4658000.0
Slovenia,SVN,2024,5054000.0
Solomon Islands,SLB,2018,27900.0
Solomon Islands,SLB,2019,28900.0
Solomon Islands,SLB,2020,4400.0
Solomon Islands,SLB,2021,700.0
South Africa,ZAF,2018,10472000.0
South Africa,ZAF,2019,10227500.0
South Africa,ZAF,2020,2802000.0
South Africa,ZAF,2021,2256000.0
South Africa,ZAF,2022,5698000.0
South Africa,ZAF,2023,8483000.0
South Africa,ZAF,2024,8919000.0
South Korea,KOR,2020,2519200.0
South Korea,KOR,2021,967000.0
South Korea,KOR,2022,3198000.0
South Korea,KOR,2023,11032000.0
South Korea,KOR,2024,16370000.0
Spain,ESP,2018,82808000.0
Spain,ESP,2019,83509000.0
Spain,ESP,2020,18933000.0
Spain,ESP,2021,31181000.0
Spain,ESP,2022,71659000.0
Spain,ESP,2023,85169050.0
Spain,ESP,2024,93759300.0
Sri Lanka,LKA,2018,2334000.0
Sri Lanka,LKA,2019,1914000.0
Sri Lanka,LKA,2020,508000.0
Sri Lanka,LKA,2021,194000.0
Sri Lanka,LKA,2022,720000.0
Sudan,SDN,2018,836000.0
Sweden,SWE,2018,7440000.0
Sweden,SWE,2019,7616000.0
Sweden,SWE,2020,1957000.0
Sweden,SWE,2021,2990000.0
Sweden,SWE,2022,6629000.0
Switzerland,CHE,2018,11715000.0
Switzerland,CHE,2019,11818000.0
Switzerland,CHE,2020,3690000.0
Switzerland,CHE,2021,4390000.0
Switzerland,CHE,2022,9159500.0
Taiwan,TWN,2020,1377900.0
Taiwan,TWN,2021,140400.0
Taiwan,TWN,2022,895900.0
Taiwan,TWN,2023,6487000.0
Taiwan,TWN,2024,7858000.0
Tanzania,TZA,2018,1378000.0
Tanzania,TZA,2019,1443000.0
Tanzania,TZA,2020,592000.0
Tanzania,TZA,2021,922700.0
Tanzania,TZA,2022,1455000.0
Thailand,THA,2018,38178000.0
Thailand,THA,2019,39916000.0
Thailand,THA,2020,6725000.0
Thailand,THA,2021,511000.0
Togo,TGO,2018,573000.0
Togo,TGO,2019,876000.0
Togo,TGO,2020,482000.0
Tonga,TON,2018,54000.0
Tonga,TON,2019,67300.0
Tonga,TON,2020,9000.0
Tonga,TON,2021,200.0
Tonga,TON,2022,18400.0
Trinidad and Tobago,TTO,2018,375500.0
Trinidad and Tobago,TTO,2019,388600.0
Trinidad and Tobago,TTO,2020,95300.0
Trinidad and Tobago,TTO,2021,40600.0
Trinidad and Tobago,TTO,2022,226500.0
Trinidad and Tobago,TTO,2023,309000.0
Trinidad and Tobago,TTO,2024,334000.0
Tunisia,TUN,2018,8299000.0
Tunisia,TUN,2019,9429000.0
Tunisia,TUN,2020,2012000.0
Tunisia,TUN,2021,2475000.0
Tunisia,TUN,2022,6441000.0
Turkey,TUR,2018,45768000.0
Turkey,TUR,2019,51192000.0
Turkey,TUR,2020,15894000.0
Turkey,TUR,2021,29925000.0
Turkey,TUR,2022,50453000.0
Turks and Caicos Islands,TCA,2018,441000.0
Turks and Caicos Islands,TCA,2019,487000.0
Turks and Caicos Islands,TCA,2020,164500.0
Turks and Caicos Islands,TCA,2021,405000.0
Tuvalu,TUV,2018,3100.0
Tuvalu,TUV,2019,3700.0
Tuvalu,TUV,2020,600.0
Tuvalu,TUV,2021,40.0
Tuvalu,TUV,2022,244.0
Uganda,UGA,2018,1506000.0
Uganda,UGA,2019,1543000.0
Uganda,UGA,2020,473000.0
Uganda,UGA,2021,513000.0
Ukraine,UKR,2018,14104000.0
Ukraine,UKR,2019,13438000.0
Ukraine,UKR,2020,3141000.0
Ukraine,UKR,2021,3973000.0
Ukraine,UKR,2022,2173000.0
Ukraine,UKR,2023,2346000.0
Ukraine,UKR,2024,2482000.0
United Arab Emirates,ARE,2018,20214000.0
United Arab Emirates,ARE,2019,21561000.0
United Arab Emirates,ARE,2020,7165000.0
United Arab Emirates,ARE,2021,11479000.0
United Kingdom,GBR,2018,38664000.0
United Kingdom,GBR,2019,39418000.0
United Kingdom,GBR,2020,10714000.0
United Kingdom,GBR,2021,6287000.0
United Kingdom,GBR,2022,30741000.0
United Kingdom,GBR,2023,37214804.0
United Kingdom,GBR,2024,38229570.0
United States,USA,2018,79745920.0
United States,USA,2019,79442000.0
United States,USA,2020,19212120.0
United States,USA,2021,22280146.0
United States,USA,2022,50770684.0
United States,USA,2023,66349860.0
United States,USA,2024,72390320.0
United States Virgin Islands,VIR,2018,381000.0
United States Virgin Islands,VIR,2019,514000.0
United States Virgin Islands,VIR,2020,302700.0
United States Virgin Islands,VIR,2021,684800.0
Uruguay,URY,2018,3469000.0
Uruguay,URY,2019,3059000.0
Uzbekistan,UZB,2020,1504126.0
Uzbekistan,UZB,2021,1881345.0
Uzbekistan,UZB,2022,5232781.0
Uzbekistan,UZB,2023,6626302.0
Uzbekistan,UZB,2024,7957213.0
Vanuatu,VUT,2018,115600.0
Vanuatu,VUT,2019,120600.0
Vanuatu,VUT,2020,22000.0
Vanuatu,VUT,2022,30000.0
Zambia,ZMB,2018,1072000.0
Zambia,ZMB,2019,1266000.0
Zambia,ZMB,2020,502000.0
Zambia,ZMB,2021,554000.0
